"_messagetimems","_messagetime","class","file","latency_ms","log_timestamp","method","sub_method","timestamp","_raw"
"1728860743000","10/13/2024 16:05:43.000 -0700","KeysTable","keys-table.mjs:38","100.99","2024/10/13 23:05:43.584","loadKeyFromDb_","getKey","Oct 13 23:05:43","Oct 13 23:05:43 merced-i-05434bef5666504a1-us-east-1 run[6072]: <info>2024/10/13 23:05:43.584[keys-table.mjs:38] [KeysTable] loadKeyFromDb_:getKey dynamo_latency: 100.99ms"
"1728860743000","10/13/2024 16:05:43.000 -0700","KeysTable","keys-table.mjs:38","102.12","2024/10/13 23:05:43.583","loadKeyFromDb_","getKey","Oct 13 23:05:43","Oct 13 23:05:43 merced-i-05434bef5666504a1-us-east-1 run[6072]: <info>2024/10/13 23:05:43.583[keys-table.mjs:38] [KeysTable] loadKeyFromDb_:getKey dynamo_latency: 102.12ms"
"1728860743000","10/13/2024 16:05:43.000 -0700","KeysTable","keys-table.mjs:38","107.85","2024/10/13 23:05:43.581","loadKeyFromDb_","getKey","Oct 13 23:05:43","Oct 13 23:05:43 merced-i-05434bef5666504a1-us-east-1 run[6072]: <info>2024/10/13 23:05:43.581[keys-table.mjs:38] [KeysTable] loadKeyFromDb_:getKey dynamo_latency: 107.85ms"
"1728860743000","10/13/2024 16:05:43.000 -0700","KeysTable","keys-table.mjs:38","100.28","2024/10/13 23:05:43.579","loadKeyFromDb_","getKey","Oct 13 23:05:43","Oct 13 23:05:43 merced-i-05434bef5666504a1-us-east-1 run[6072]: <info>2024/10/13 23:05:43.579[keys-table.mjs:38] [KeysTable] loadKeyFromDb_:getKey dynamo_latency: 100.28ms"
"1728860743000","10/13/2024 16:05:43.000 -0700","KeysTable","keys-table.mjs:38","106.65","2024/10/13 23:05:43.578","loadKeyFromDb_","getKey","Oct 13 23:05:43","Oct 13 23:05:43 merced-i-05434bef5666504a1-us-east-1 run[6072]: <info>2024/10/13 23:05:43.578[keys-table.mjs:38] [KeysTable] loadKeyFromDb_:getKey dynamo_latency: 106.65ms"
"1728860743000","10/13/2024 16:05:43.000 -0700","KeysTable","keys-table.mjs:38","105.84","2024/10/13 23:05:43.575","loadKeyFromDb_","getKey","Oct 13 23:05:43","Oct 13 23:05:43 merced-i-05434bef5666504a1-us-east-1 run[6072]: <info>2024/10/13 23:05:43.575[keys-table.mjs:38] [KeysTable] loadKeyFromDb_:getKey dynamo_latency: 105.84ms"
"1728840040000","10/13/2024 10:20:40.000 -0700","KeysTable","keys-table.mjs:38","100.02","2024/10/13 17:20:40.343","loadKeyFromDb_","getKey","Oct 13 17:20:40","Oct 13 17:20:40 merced-i-05434bef5666504a1-us-east-1 run[6072]: <info>2024/10/13 17:20:40.343[keys-table.mjs:38] [KeysTable] loadKeyFromDb_:getKey dynamo_latency: 100.02ms"
"1728840040000","10/13/2024 10:20:40.000 -0700","KeysTable","keys-table.mjs:38","110.14","2024/10/13 17:20:40.335","loadKeyFromDb_","getKey","Oct 13 17:20:40","Oct 13 17:20:40 merced-i-05434bef5666504a1-us-east-1 run[6072]: <info>2024/10/13 17:20:40.335[keys-table.mjs:38] [KeysTable] loadKeyFromDb_:getKey dynamo_latency: 110.14ms"
"1728840040000","10/13/2024 10:20:40.000 -0700","KeysTable","keys-table.mjs:38","122.63","2024/10/13 17:20:40.334","loadKeyFromDb_","getKey","Oct 13 17:20:40","Oct 13 17:20:40 merced-i-05434bef5666504a1-us-east-1 run[6072]: <info>2024/10/13 17:20:40.334[keys-table.mjs:38] [KeysTable] loadKeyFromDb_:getKey dynamo_latency: 122.63ms"
"1728840040000","10/13/2024 10:20:40.000 -0700","KeysTable","keys-table.mjs:38","110.92","2024/10/13 17:20:40.333","loadKeyFromDb_","getKey","Oct 13 17:20:40","Oct 13 17:20:40 merced-i-05434bef5666504a1-us-east-1 run[6072]: <info>2024/10/13 17:20:40.333[keys-table.mjs:38] [KeysTable] loadKeyFromDb_:getKey dynamo_latency: 110.92ms"
"1728840040000","10/13/2024 10:20:40.000 -0700","KeysTable","keys-table.mjs:38","111.78","2024/10/13 17:20:40.333","loadKeyFromDb_","getKey","Oct 13 17:20:40","Oct 13 17:20:40 merced-i-05434bef5666504a1-us-east-1 run[6072]: <info>2024/10/13 17:20:40.333[keys-table.mjs:38] [KeysTable] loadKeyFromDb_:getKey dynamo_latency: 111.78ms"
"1728840040000","10/13/2024 10:20:40.000 -0700","KeysTable","keys-table.mjs:38","114.21","2024/10/13 17:20:40.332","loadKeyFromDb_","getKey","Oct 13 17:20:40","Oct 13 17:20:40 merced-i-05434bef5666504a1-us-east-1 run[6072]: <info>2024/10/13 17:20:40.332[keys-table.mjs:38] [KeysTable] loadKeyFromDb_:getKey dynamo_latency: 114.21ms"
"1728840040000","10/13/2024 10:20:40.000 -0700","KeysTable","keys-table.mjs:38","104.37","2024/10/13 17:20:40.331","loadKeyFromDb_","getKey","Oct 13 17:20:40","Oct 13 17:20:40 merced-i-05434bef5666504a1-us-east-1 run[6072]: <info>2024/10/13 17:20:40.331[keys-table.mjs:38] [KeysTable] loadKeyFromDb_:getKey dynamo_latency: 104.37ms"
"1728840040000","10/13/2024 10:20:40.000 -0700","KeysTable","keys-table.mjs:38","110.68","2024/10/13 17:20:40.330","loadKeyFromDb_","getKey","Oct 13 17:20:40","Oct 13 17:20:40 merced-i-05434bef5666504a1-us-east-1 run[6072]: <info>2024/10/13 17:20:40.330[keys-table.mjs:38] [KeysTable] loadKeyFromDb_:getKey dynamo_latency: 110.68ms"
"1728840040000","10/13/2024 10:20:40.000 -0700","KeysTable","keys-table.mjs:38","105.21","2024/10/13 17:20:40.320","loadKeyFromDb_","getKey","Oct 13 17:20:40","Oct 13 17:20:40 merced-i-05434bef5666504a1-us-east-1 run[6072]: <info>2024/10/13 17:20:40.320[keys-table.mjs:38] [KeysTable] loadKeyFromDb_:getKey dynamo_latency: 105.21ms"
"1728834638000","10/13/2024 08:50:38.000 -0700","KeysTable","keys-table.mjs:38","115.68","2024/10/13 15:50:38.511","loadKeyFromDb_","getKey","Oct 13 15:50:38","Oct 13 15:50:38 merced-i-096cb66a7e53fba3b-us-east-1 run[6084]: <info>2024/10/13 15:50:38.511[keys-table.mjs:38] [KeysTable] loadKeyFromDb_:getKey dynamo_latency: 115.68ms"
"1728834638000","10/13/2024 08:50:38.000 -0700","KeysTable","keys-table.mjs:38","100.39","2024/10/13 15:50:38.494","loadKeyFromDb_","getKey","Oct 13 15:50:38","Oct 13 15:50:38 merced-i-096cb66a7e53fba3b-us-east-1 run[6084]: <info>2024/10/13 15:50:38.494[keys-table.mjs:38] [KeysTable] loadKeyFromDb_:getKey dynamo_latency: 100.39ms"
"1728834638000","10/13/2024 08:50:38.000 -0700","KeysTable","keys-table.mjs:38","101.43","2024/10/13 15:50:38.493","loadKeyFromDb_","getKey","Oct 13 15:50:38","Oct 13 15:50:38 merced-i-096cb66a7e53fba3b-us-east-1 run[6084]: <info>2024/10/13 15:50:38.493[keys-table.mjs:38] [KeysTable] loadKeyFromDb_:getKey dynamo_latency: 101.43ms"
"1728834638000","10/13/2024 08:50:38.000 -0700","KeysTable","keys-table.mjs:38","101.05","2024/10/13 15:50:38.488","loadKeyFromDb_","getKey","Oct 13 15:50:38","Oct 13 15:50:38 merced-i-096cb66a7e53fba3b-us-east-1 run[6084]: <info>2024/10/13 15:50:38.488[keys-table.mjs:38] [KeysTable] loadKeyFromDb_:getKey dynamo_latency: 101.05ms"
"1728834638000","10/13/2024 08:50:38.000 -0700","KeysTable","keys-table.mjs:38","125.92","2024/10/13 15:50:38.487","loadKeyFromDb_","getKey","Oct 13 15:50:38","Oct 13 15:50:38 merced-i-096cb66a7e53fba3b-us-east-1 run[6084]: <info>2024/10/13 15:50:38.487[keys-table.mjs:38] [KeysTable] loadKeyFromDb_:getKey dynamo_latency: 125.92ms"
"1728834638000","10/13/2024 08:50:38.000 -0700","KeysTable","keys-table.mjs:38","127.38","2024/10/13 15:50:38.486","loadKeyFromDb_","getKey","Oct 13 15:50:38","Oct 13 15:50:38 merced-i-096cb66a7e53fba3b-us-east-1 run[6084]: <info>2024/10/13 15:50:38.486[keys-table.mjs:38] [KeysTable] loadKeyFromDb_:getKey dynamo_latency: 127.38ms"
"1728834638000","10/13/2024 08:50:38.000 -0700","KeysTable","keys-table.mjs:38","130.49","2024/10/13 15:50:38.485","loadKeyFromDb_","getKey","Oct 13 15:50:38","Oct 13 15:50:38 merced-i-096cb66a7e53fba3b-us-east-1 run[6084]: <info>2024/10/13 15:50:38.485[keys-table.mjs:38] [KeysTable] loadKeyFromDb_:getKey dynamo_latency: 130.49ms"
"1728834638000","10/13/2024 08:50:38.000 -0700","KeysTable","keys-table.mjs:38","142.7","2024/10/13 15:50:38.481","loadKeyFromDb_","getKey","Oct 13 15:50:38","Oct 13 15:50:38 merced-i-096cb66a7e53fba3b-us-east-1 run[6084]: <info>2024/10/13 15:50:38.481[keys-table.mjs:38] [KeysTable] loadKeyFromDb_:getKey dynamo_latency: 142.70ms"
"1728834638000","10/13/2024 08:50:38.000 -0700","KeysTable","keys-table.mjs:38","144.18","2024/10/13 15:50:38.480","loadKeyFromDb_","getKey","Oct 13 15:50:38","Oct 13 15:50:38 merced-i-096cb66a7e53fba3b-us-east-1 run[6084]: <info>2024/10/13 15:50:38.480[keys-table.mjs:38] [KeysTable] loadKeyFromDb_:getKey dynamo_latency: 144.18ms"
"1728834638000","10/13/2024 08:50:38.000 -0700","KeysTable","keys-table.mjs:38","164.73","2024/10/13 15:50:38.480","loadKeyFromDb_","getKey","Oct 13 15:50:38","Oct 13 15:50:38 merced-i-096cb66a7e53fba3b-us-east-1 run[6084]: <info>2024/10/13 15:50:38.480[keys-table.mjs:38] [KeysTable] loadKeyFromDb_:getKey dynamo_latency: 164.73ms"
"1728834638000","10/13/2024 08:50:38.000 -0700","KeysTable","keys-table.mjs:38","144.29","2024/10/13 15:50:38.479","loadKeyFromDb_","getKey","Oct 13 15:50:38","Oct 13 15:50:38 merced-i-096cb66a7e53fba3b-us-east-1 run[6084]: <info>2024/10/13 15:50:38.479[keys-table.mjs:38] [KeysTable] loadKeyFromDb_:getKey dynamo_latency: 144.29ms"
"1728834638000","10/13/2024 08:50:38.000 -0700","KeysTable","keys-table.mjs:38","127.52","2024/10/13 15:50:38.478","loadKeyFromDb_","getKey","Oct 13 15:50:38","Oct 13 15:50:38 merced-i-096cb66a7e53fba3b-us-east-1 run[6084]: <info>2024/10/13 15:50:38.478[keys-table.mjs:38] [KeysTable] loadKeyFromDb_:getKey dynamo_latency: 127.52ms"
"1728834638000","10/13/2024 08:50:38.000 -0700","KeysTable","keys-table.mjs:38","128.44","2024/10/13 15:50:38.477","loadKeyFromDb_","getKey","Oct 13 15:50:38","Oct 13 15:50:38 merced-i-096cb66a7e53fba3b-us-east-1 run[6084]: <info>2024/10/13 15:50:38.477[keys-table.mjs:38] [KeysTable] loadKeyFromDb_:getKey dynamo_latency: 128.44ms"
"1728834638000","10/13/2024 08:50:38.000 -0700","KeysTable","keys-table.mjs:38","129.7","2024/10/13 15:50:38.476","loadKeyFromDb_","getKey","Oct 13 15:50:38","Oct 13 15:50:38 merced-i-096cb66a7e53fba3b-us-east-1 run[6084]: <info>2024/10/13 15:50:38.476[keys-table.mjs:38] [KeysTable] loadKeyFromDb_:getKey dynamo_latency: 129.70ms"
"1728834638000","10/13/2024 08:50:38.000 -0700","KeysTable","keys-table.mjs:38","130.73","2024/10/13 15:50:38.463","loadKeyFromDb_","getKey","Oct 13 15:50:38","Oct 13 15:50:38 merced-i-096cb66a7e53fba3b-us-east-1 run[6084]: <info>2024/10/13 15:50:38.463[keys-table.mjs:38] [KeysTable] loadKeyFromDb_:getKey dynamo_latency: 130.73ms"
"1728834638000","10/13/2024 08:50:38.000 -0700","KeysTable","keys-table.mjs:38","131.33","2024/10/13 15:50:38.463","loadKeyFromDb_","getKey","Oct 13 15:50:38","Oct 13 15:50:38 merced-i-096cb66a7e53fba3b-us-east-1 run[6084]: <info>2024/10/13 15:50:38.463[keys-table.mjs:38] [KeysTable] loadKeyFromDb_:getKey dynamo_latency: 131.33ms"
"1728834638000","10/13/2024 08:50:38.000 -0700","KeysTable","keys-table.mjs:38","132.12","2024/10/13 15:50:38.461","loadKeyFromDb_","getKey","Oct 13 15:50:38","Oct 13 15:50:38 merced-i-096cb66a7e53fba3b-us-east-1 run[6084]: <info>2024/10/13 15:50:38.461[keys-table.mjs:38] [KeysTable] loadKeyFromDb_:getKey dynamo_latency: 132.12ms"
"1728834638000","10/13/2024 08:50:38.000 -0700","KeysTable","keys-table.mjs:38","132.88","2024/10/13 15:50:38.460","loadKeyFromDb_","getKey","Oct 13 15:50:38","Oct 13 15:50:38 merced-i-096cb66a7e53fba3b-us-east-1 run[6084]: <info>2024/10/13 15:50:38.460[keys-table.mjs:38] [KeysTable] loadKeyFromDb_:getKey dynamo_latency: 132.88ms"
"1728834638000","10/13/2024 08:50:38.000 -0700","KeysTable","keys-table.mjs:38","133.54","2024/10/13 15:50:38.459","loadKeyFromDb_","getKey","Oct 13 15:50:38","Oct 13 15:50:38 merced-i-096cb66a7e53fba3b-us-east-1 run[6084]: <info>2024/10/13 15:50:38.459[keys-table.mjs:38] [KeysTable] loadKeyFromDb_:getKey dynamo_latency: 133.54ms"
"1728834638000","10/13/2024 08:50:38.000 -0700","KeysTable","keys-table.mjs:38","135.06","2024/10/13 15:50:38.458","loadKeyFromDb_","getKey","Oct 13 15:50:38","Oct 13 15:50:38 merced-i-096cb66a7e53fba3b-us-east-1 run[6084]: <info>2024/10/13 15:50:38.458[keys-table.mjs:38] [KeysTable] loadKeyFromDb_:getKey dynamo_latency: 135.06ms"
"1728834638000","10/13/2024 08:50:38.000 -0700","KeysTable","keys-table.mjs:38","135.92","2024/10/13 15:50:38.457","loadKeyFromDb_","getKey","Oct 13 15:50:38","Oct 13 15:50:38 merced-i-096cb66a7e53fba3b-us-east-1 run[6084]: <info>2024/10/13 15:50:38.457[keys-table.mjs:38] [KeysTable] loadKeyFromDb_:getKey dynamo_latency: 135.92ms"
"1728834638000","10/13/2024 08:50:38.000 -0700","KeysTable","keys-table.mjs:38","136.63","2024/10/13 15:50:38.456","loadKeyFromDb_","getKey","Oct 13 15:50:38","Oct 13 15:50:38 merced-i-096cb66a7e53fba3b-us-east-1 run[6084]: <info>2024/10/13 15:50:38.456[keys-table.mjs:38] [KeysTable] loadKeyFromDb_:getKey dynamo_latency: 136.63ms"
"1728834638000","10/13/2024 08:50:38.000 -0700","KeysTable","keys-table.mjs:38","135.09","2024/10/13 15:50:38.435","loadKeyFromDb_","getKey","Oct 13 15:50:38","Oct 13 15:50:38 merced-i-096cb66a7e53fba3b-us-east-1 run[6084]: <info>2024/10/13 15:50:38.435[keys-table.mjs:38] [KeysTable] loadKeyFromDb_:getKey dynamo_latency: 135.09ms"
"1728834638000","10/13/2024 08:50:38.000 -0700","KeysTable","keys-table.mjs:38","121.02","2024/10/13 15:50:38.434","loadKeyFromDb_","getKey","Oct 13 15:50:38","Oct 13 15:50:38 merced-i-096cb66a7e53fba3b-us-east-1 run[6084]: <info>2024/10/13 15:50:38.434[keys-table.mjs:38] [KeysTable] loadKeyFromDb_:getKey dynamo_latency: 121.02ms"
"1728834638000","10/13/2024 08:50:38.000 -0700","KeysTable","keys-table.mjs:38","122.82","2024/10/13 15:50:38.433","loadKeyFromDb_","getKey","Oct 13 15:50:38","Oct 13 15:50:38 merced-i-096cb66a7e53fba3b-us-east-1 run[6084]: <info>2024/10/13 15:50:38.433[keys-table.mjs:38] [KeysTable] loadKeyFromDb_:getKey dynamo_latency: 122.82ms"
"1728834638000","10/13/2024 08:50:38.000 -0700","KeysTable","keys-table.mjs:38","125.04","2024/10/13 15:50:38.432","loadKeyFromDb_","getKey","Oct 13 15:50:38","Oct 13 15:50:38 merced-i-096cb66a7e53fba3b-us-east-1 run[6084]: <info>2024/10/13 15:50:38.432[keys-table.mjs:38] [KeysTable] loadKeyFromDb_:getKey dynamo_latency: 125.04ms"
"1728834638000","10/13/2024 08:50:38.000 -0700","KeysTable","keys-table.mjs:38","128.68","2024/10/13 15:50:38.431","loadKeyFromDb_","getKey","Oct 13 15:50:38","Oct 13 15:50:38 merced-i-096cb66a7e53fba3b-us-east-1 run[6084]: <info>2024/10/13 15:50:38.431[keys-table.mjs:38] [KeysTable] loadKeyFromDb_:getKey dynamo_latency: 128.68ms"
"1728834638000","10/13/2024 08:50:38.000 -0700","KeysTable","keys-table.mjs:38","121.47","2024/10/13 15:50:38.430","loadKeyFromDb_","getKey","Oct 13 15:50:38","Oct 13 15:50:38 merced-i-096cb66a7e53fba3b-us-east-1 run[6084]: <info>2024/10/13 15:50:38.430[keys-table.mjs:38] [KeysTable] loadKeyFromDb_:getKey dynamo_latency: 121.47ms"
"1728834638000","10/13/2024 08:50:38.000 -0700","KeysTable","keys-table.mjs:38","123.45","2024/10/13 15:50:38.429","loadKeyFromDb_","getKey","Oct 13 15:50:38","Oct 13 15:50:38 merced-i-096cb66a7e53fba3b-us-east-1 run[6084]: <info>2024/10/13 15:50:38.429[keys-table.mjs:38] [KeysTable] loadKeyFromDb_:getKey dynamo_latency: 123.45ms"
"1728834638000","10/13/2024 08:50:38.000 -0700","KeysTable","keys-table.mjs:38","102.04","2024/10/13 15:50:38.470","loadKeyFromDb_","getKey","Oct 13 15:50:38","Oct 13 15:50:38 merced-i-05434bef5666504a1-us-east-1 run[6072]: <info>2024/10/13 15:50:38.470[keys-table.mjs:38] [KeysTable] loadKeyFromDb_:getKey dynamo_latency: 102.04ms"
"1728834638000","10/13/2024 08:50:38.000 -0700","KeysTable","keys-table.mjs:38","102.95","2024/10/13 15:50:38.467","loadKeyFromDb_","getKey","Oct 13 15:50:38","Oct 13 15:50:38 merced-i-05434bef5666504a1-us-east-1 run[6072]: <info>2024/10/13 15:50:38.467[keys-table.mjs:38] [KeysTable] loadKeyFromDb_:getKey dynamo_latency: 102.95ms"
"1728834638000","10/13/2024 08:50:38.000 -0700","KeysTable","keys-table.mjs:38","100.56","2024/10/13 15:50:38.466","loadKeyFromDb_","getKey","Oct 13 15:50:38","Oct 13 15:50:38 merced-i-05434bef5666504a1-us-east-1 run[6072]: <info>2024/10/13 15:50:38.466[keys-table.mjs:38] [KeysTable] loadKeyFromDb_:getKey dynamo_latency: 100.56ms"
"1728834638000","10/13/2024 08:50:38.000 -0700","KeysTable","keys-table.mjs:38","102.55","2024/10/13 15:50:38.465","loadKeyFromDb_","getKey","Oct 13 15:50:38","Oct 13 15:50:38 merced-i-05434bef5666504a1-us-east-1 run[6072]: <info>2024/10/13 15:50:38.465[keys-table.mjs:38] [KeysTable] loadKeyFromDb_:getKey dynamo_latency: 102.55ms"
"1728834638000","10/13/2024 08:50:38.000 -0700","KeysTable","keys-table.mjs:38","155.08","2024/10/13 15:50:38.464","loadKeyFromDb_","getKey","Oct 13 15:50:38","Oct 13 15:50:38 merced-i-05434bef5666504a1-us-east-1 run[6072]: <info>2024/10/13 15:50:38.464[keys-table.mjs:38] [KeysTable] loadKeyFromDb_:getKey dynamo_latency: 155.08ms"
"1728834638000","10/13/2024 08:50:38.000 -0700","KeysTable","keys-table.mjs:38","104.13","2024/10/13 15:50:38.463","loadKeyFromDb_","getKey","Oct 13 15:50:38","Oct 13 15:50:38 merced-i-05434bef5666504a1-us-east-1 run[6072]: <info>2024/10/13 15:50:38.463[keys-table.mjs:38] [KeysTable] loadKeyFromDb_:getKey dynamo_latency: 104.13ms"
"1728834638000","10/13/2024 08:50:38.000 -0700","KeysTable","keys-table.mjs:38","100.93","2024/10/13 15:50:38.440","loadKeyFromDb_","getKey","Oct 13 15:50:38","Oct 13 15:50:38 merced-i-05434bef5666504a1-us-east-1 run[6072]: <info>2024/10/13 15:50:38.440[keys-table.mjs:38] [KeysTable] loadKeyFromDb_:getKey dynamo_latency: 100.93ms"
"1728834638000","10/13/2024 08:50:38.000 -0700","KeysTable","keys-table.mjs:38","133.01","2024/10/13 15:50:38.439","loadKeyFromDb_","getKey","Oct 13 15:50:38","Oct 13 15:50:38 merced-i-05434bef5666504a1-us-east-1 run[6072]: <info>2024/10/13 15:50:38.439[keys-table.mjs:38] [KeysTable] loadKeyFromDb_:getKey dynamo_latency: 133.01ms"
"1728834638000","10/13/2024 08:50:38.000 -0700","KeysTable","keys-table.mjs:38","105.41","2024/10/13 15:50:38.437","loadKeyFromDb_","getKey","Oct 13 15:50:38","Oct 13 15:50:38 merced-i-05434bef5666504a1-us-east-1 run[6072]: <info>2024/10/13 15:50:38.437[keys-table.mjs:38] [KeysTable] loadKeyFromDb_:getKey dynamo_latency: 105.41ms"
"1728834638000","10/13/2024 08:50:38.000 -0700","KeysTable","keys-table.mjs:38","109.24","2024/10/13 15:50:38.411","loadKeyFromDb_","getKey","Oct 13 15:50:38","Oct 13 15:50:38 merced-i-05434bef5666504a1-us-east-1 run[6072]: <info>2024/10/13 15:50:38.411[keys-table.mjs:38] [KeysTable] loadKeyFromDb_:getKey dynamo_latency: 109.24ms"
"1728834638000","10/13/2024 08:50:38.000 -0700","KeysTable","keys-table.mjs:38","106.62","2024/10/13 15:50:38.410","loadKeyFromDb_","getKey","Oct 13 15:50:38","Oct 13 15:50:38 merced-i-05434bef5666504a1-us-east-1 run[6072]: <info>2024/10/13 15:50:38.410[keys-table.mjs:38] [KeysTable] loadKeyFromDb_:getKey dynamo_latency: 106.62ms"
"1728834638000","10/13/2024 08:50:38.000 -0700","KeysTable","keys-table.mjs:38","109.34","2024/10/13 15:50:38.409","loadKeyFromDb_","getKey","Oct 13 15:50:38","Oct 13 15:50:38 merced-i-05434bef5666504a1-us-east-1 run[6072]: <info>2024/10/13 15:50:38.409[keys-table.mjs:38] [KeysTable] loadKeyFromDb_:getKey dynamo_latency: 109.34ms"
"1728831639000","10/13/2024 08:00:39.000 -0700","KeysTable","keys-table.mjs:38","101.41","2024/10/13 15:00:39.336","loadKeyFromDb_","getKey","Oct 13 15:00:39","Oct 13 15:00:39 merced-i-096cb66a7e53fba3b-us-east-1 run[6084]: <info>2024/10/13 15:00:39.336[keys-table.mjs:38] [KeysTable] loadKeyFromDb_:getKey dynamo_latency: 101.41ms"
"1728831639000","10/13/2024 08:00:39.000 -0700","KeysTable","keys-table.mjs:38","108.62","2024/10/13 15:00:39.326","loadKeyFromDb_","getKey","Oct 13 15:00:39","Oct 13 15:00:39 merced-i-096cb66a7e53fba3b-us-east-1 run[6084]: <info>2024/10/13 15:00:39.326[keys-table.mjs:38] [KeysTable] loadKeyFromDb_:getKey dynamo_latency: 108.62ms"
"1728831639000","10/13/2024 08:00:39.000 -0700","KeysTable","keys-table.mjs:38","108.81","2024/10/13 15:00:39.336","loadKeyFromDb_","getKey","Oct 13 15:00:39","Oct 13 15:00:39 merced-i-05434bef5666504a1-us-east-1 run[6072]: <info>2024/10/13 15:00:39.336[keys-table.mjs:38] [KeysTable] loadKeyFromDb_:getKey dynamo_latency: 108.81ms"
"1728831639000","10/13/2024 08:00:39.000 -0700","KeysTable","keys-table.mjs:38","106.3","2024/10/13 15:00:39.329","loadKeyFromDb_","getKey","Oct 13 15:00:39","Oct 13 15:00:39 merced-i-05434bef5666504a1-us-east-1 run[6072]: <info>2024/10/13 15:00:39.329[keys-table.mjs:38] [KeysTable] loadKeyFromDb_:getKey dynamo_latency: 106.30ms"
"1728831639000","10/13/2024 08:00:39.000 -0700","KeysTable","keys-table.mjs:38","104.64","2024/10/13 15:00:39.325","loadKeyFromDb_","getKey","Oct 13 15:00:39","Oct 13 15:00:39 merced-i-05434bef5666504a1-us-east-1 run[6072]: <info>2024/10/13 15:00:39.325[keys-table.mjs:38] [KeysTable] loadKeyFromDb_:getKey dynamo_latency: 104.64ms"
"1728825340000","10/13/2024 06:15:40.000 -0700","KeysTable","keys-table.mjs:38","100.88","2024/10/13 13:15:40.508","loadKeyFromDb_","getKey","Oct 13 13:15:40","Oct 13 13:15:40 merced-i-05434bef5666504a1-us-east-1 run[6072]: <info>2024/10/13 13:15:40.508[keys-table.mjs:38] [KeysTable] loadKeyFromDb_:getKey dynamo_latency: 100.88ms"
"1728794743000","10/12/2024 21:45:43.000 -0700","KeysTable","keys-table.mjs:38","101.84","2024/10/13 04:45:43.958","loadKeyFromDb_","getKey","Oct 13 04:45:43","Oct 13 04:45:43 merced-i-096cb66a7e53fba3b-us-east-1 run[6084]: <info>2024/10/13 04:45:43.958[keys-table.mjs:38] [KeysTable] loadKeyFromDb_:getKey dynamo_latency: 101.84ms"
"1728794743000","10/12/2024 21:45:43.000 -0700","KeysTable","keys-table.mjs:38","100.46","2024/10/13 04:45:43.954","loadKeyFromDb_","getKey","Oct 13 04:45:43","Oct 13 04:45:43 merced-i-096cb66a7e53fba3b-us-east-1 run[6084]: <info>2024/10/13 04:45:43.954[keys-table.mjs:38] [KeysTable] loadKeyFromDb_:getKey dynamo_latency: 100.46ms"
"1728794743000","10/12/2024 21:45:43.000 -0700","KeysTable","keys-table.mjs:38","105.8","2024/10/13 04:45:43.953","loadKeyFromDb_","getKey","Oct 13 04:45:43","Oct 13 04:45:43 merced-i-096cb66a7e53fba3b-us-east-1 run[6084]: <info>2024/10/13 04:45:43.953[keys-table.mjs:38] [KeysTable] loadKeyFromDb_:getKey dynamo_latency: 105.80ms"
"1728794743000","10/12/2024 21:45:43.000 -0700","KeysTable","keys-table.mjs:38","120.37","2024/10/13 04:45:43.952","loadKeyFromDb_","getKey","Oct 13 04:45:43","Oct 13 04:45:43 merced-i-096cb66a7e53fba3b-us-east-1 run[6084]: <info>2024/10/13 04:45:43.952[keys-table.mjs:38] [KeysTable] loadKeyFromDb_:getKey dynamo_latency: 120.37ms"
"1728794743000","10/12/2024 21:45:43.000 -0700","KeysTable","keys-table.mjs:38","100.23","2024/10/13 04:45:43.950","loadKeyFromDb_","getKey","Oct 13 04:45:43","Oct 13 04:45:43 merced-i-096cb66a7e53fba3b-us-east-1 run[6084]: <info>2024/10/13 04:45:43.950[keys-table.mjs:38] [KeysTable] loadKeyFromDb_:getKey dynamo_latency: 100.23ms"
"1728794743000","10/12/2024 21:45:43.000 -0700","KeysTable","keys-table.mjs:38","115.46","2024/10/13 04:45:43.949","loadKeyFromDb_","getKey","Oct 13 04:45:43","Oct 13 04:45:43 merced-i-096cb66a7e53fba3b-us-east-1 run[6084]: <info>2024/10/13 04:45:43.949[keys-table.mjs:38] [KeysTable] loadKeyFromDb_:getKey dynamo_latency: 115.46ms"
"1728794743000","10/12/2024 21:45:43.000 -0700","KeysTable","keys-table.mjs:38","117.7","2024/10/13 04:45:43.947","loadKeyFromDb_","getKey","Oct 13 04:45:43","Oct 13 04:45:43 merced-i-096cb66a7e53fba3b-us-east-1 run[6084]: <info>2024/10/13 04:45:43.947[keys-table.mjs:38] [KeysTable] loadKeyFromDb_:getKey dynamo_latency: 117.70ms"
"1728794743000","10/12/2024 21:45:43.000 -0700","KeysTable","keys-table.mjs:38","125.8","2024/10/13 04:45:43.946","loadKeyFromDb_","getKey","Oct 13 04:45:43","Oct 13 04:45:43 merced-i-096cb66a7e53fba3b-us-east-1 run[6084]: <info>2024/10/13 04:45:43.946[keys-table.mjs:38] [KeysTable] loadKeyFromDb_:getKey dynamo_latency: 125.80ms"
"1728794743000","10/12/2024 21:45:43.000 -0700","KeysTable","keys-table.mjs:38","127.23","2024/10/13 04:45:43.916","loadKeyFromDb_","getKey","Oct 13 04:45:43","Oct 13 04:45:43 merced-i-096cb66a7e53fba3b-us-east-1 run[6084]: <info>2024/10/13 04:45:43.916[keys-table.mjs:38] [KeysTable] loadKeyFromDb_:getKey dynamo_latency: 127.23ms"
"1728794743000","10/12/2024 21:45:43.000 -0700","KeysTable","keys-table.mjs:38","119.12","2024/10/13 04:45:43.915","loadKeyFromDb_","getKey","Oct 13 04:45:43","Oct 13 04:45:43 merced-i-096cb66a7e53fba3b-us-east-1 run[6084]: <info>2024/10/13 04:45:43.915[keys-table.mjs:38] [KeysTable] loadKeyFromDb_:getKey dynamo_latency: 119.12ms"
"1728794743000","10/12/2024 21:45:43.000 -0700","KeysTable","keys-table.mjs:38","120.41","2024/10/13 04:45:43.914","loadKeyFromDb_","getKey","Oct 13 04:45:43","Oct 13 04:45:43 merced-i-096cb66a7e53fba3b-us-east-1 run[6084]: <info>2024/10/13 04:45:43.914[keys-table.mjs:38] [KeysTable] loadKeyFromDb_:getKey dynamo_latency: 120.41ms"
"1728794743000","10/12/2024 21:45:43.000 -0700","KeysTable","keys-table.mjs:38","114.93","2024/10/13 04:45:43.913","loadKeyFromDb_","getKey","Oct 13 04:45:43","Oct 13 04:45:43 merced-i-096cb66a7e53fba3b-us-east-1 run[6084]: <info>2024/10/13 04:45:43.913[keys-table.mjs:38] [KeysTable] loadKeyFromDb_:getKey dynamo_latency: 114.93ms"
"1728794743000","10/12/2024 21:45:43.000 -0700","KeysTable","keys-table.mjs:38","108.4","2024/10/13 04:45:43.912","loadKeyFromDb_","getKey","Oct 13 04:45:43","Oct 13 04:45:43 merced-i-096cb66a7e53fba3b-us-east-1 run[6084]: <info>2024/10/13 04:45:43.912[keys-table.mjs:38] [KeysTable] loadKeyFromDb_:getKey dynamo_latency: 108.40ms"
"1728788443000","10/12/2024 20:00:43.000 -0700","KeysTable","keys-table.mjs:38","108.52","2024/10/13 03:00:43.284","loadKeyFromDb_","getKey","Oct 13 03:00:43","Oct 13 03:00:43 merced-i-05434bef5666504a1-us-east-1 run[6072]: <info>2024/10/13 03:00:43.284[keys-table.mjs:38] [KeysTable] loadKeyFromDb_:getKey dynamo_latency: 108.52ms"
"1728788443000","10/12/2024 20:00:43.000 -0700","KeysTable","keys-table.mjs:38","100.13","2024/10/13 03:00:43.274","loadKeyFromDb_","getKey","Oct 13 03:00:43","Oct 13 03:00:43 merced-i-05434bef5666504a1-us-east-1 run[6072]: <info>2024/10/13 03:00:43.274[keys-table.mjs:38] [KeysTable] loadKeyFromDb_:getKey dynamo_latency: 100.13ms"
"1728788443000","10/12/2024 20:00:43.000 -0700","KeysTable","keys-table.mjs:38","100.61","2024/10/13 03:00:43.273","loadKeyFromDb_","getKey","Oct 13 03:00:43","Oct 13 03:00:43 merced-i-05434bef5666504a1-us-east-1 run[6072]: <info>2024/10/13 03:00:43.273[keys-table.mjs:38] [KeysTable] loadKeyFromDb_:getKey dynamo_latency: 100.61ms"
"1728715765000","10/11/2024 23:49:25.000 -0700","KeysTable","keys-table.mjs:38","133.76","2024/10/12 06:49:25.605","loadKeyFromDb_","getKey","Oct 12 06:49:25","Oct 12 06:49:25 merced-i-096cb66a7e53fba3b-us-east-1 run[6084]: <info>2024/10/12 06:49:25.605[keys-table.mjs:38] [KeysTable] loadKeyFromDb_:getKey dynamo_latency: 133.76ms"
"1728699617000","10/11/2024 19:20:17.000 -0700","KeysTable","keys-table.mjs:38","225.95","2024/10/12 02:20:17.108","loadKeyFromDb_","getKey","Oct 12 02:20:17","Oct 12 02:20:17 merced-i-05434bef5666504a1-us-east-1 run[6072]: <info>2024/10/12 02:20:17.108[keys-table.mjs:38] [KeysTable] loadKeyFromDb_:getKey dynamo_latency: 225.95ms"
"1728697945000","10/11/2024 18:52:25.000 -0700","KeysTable","keys-table.mjs:38","226.0","2024/10/12 01:52:25.822","loadKeyFromDb_","getKey","Oct 12 01:52:25","Oct 12 01:52:25 merced-i-05434bef5666504a1-us-east-1 run[6072]: <info>2024/10/12 01:52:25.822[keys-table.mjs:38] [KeysTable] loadKeyFromDb_:getKey dynamo_latency: 226.00ms"
"1728693186000","10/11/2024 17:33:06.000 -0700","NonRevocableClassesTable","non-revocable-classes-table.mjs:195","230.44","2024/10/12 00:33:06.053","getKeyIdForClass","","Oct 12 00:33:06","Oct 12 00:33:06 merced-i-05434bef5666504a1-us-east-1 run[6072]: <info>2024/10/12 00:33:06.053[non-revocable-classes-table.mjs:195] [NonRevocableClassesTable] getKeyIdForClass dynamo_latency: 230.44ms"
"1728659316000","10/11/2024 08:08:36.000 -0700","KeysTable","keys-table.mjs:38","227.74","2024/10/11 15:08:36.444","loadKeyFromDb_","getKey","Oct 11 15:08:36","Oct 11 15:08:36 merced-i-096cb66a7e53fba3b-us-east-1 run[6084]: <info>2024/10/11 15:08:36.444[keys-table.mjs:38] [KeysTable] loadKeyFromDb_:getKey dynamo_latency: 227.74ms"
"1728606885000","10/10/2024 17:34:45.000 -0700","NonRevocableClassesTable","non-revocable-classes-table.mjs:195","225.73","2024/10/11 00:34:45.716","getKeyIdForClass","","Oct 11 00:34:45","Oct 11 00:34:45 merced-i-096cb66a7e53fba3b-us-east-1 run[6084]: <info>2024/10/11 00:34:45.716[non-revocable-classes-table.mjs:195] [NonRevocableClassesTable] getKeyIdForClass dynamo_latency: 225.73ms"
"1728603889000","10/10/2024 16:44:49.000 -0700","KeysTable","keys-table.mjs:38","235.33","2024/10/10 23:44:49.503","loadKeyFromDb_","getKey","Oct 10 23:44:49","Oct 10 23:44:49 merced-i-096cb66a7e53fba3b-us-east-1 run[6084]: <info>2024/10/10 23:44:49.503[keys-table.mjs:38] [KeysTable] loadKeyFromDb_:getKey dynamo_latency: 235.33ms"
"1728576122000","10/10/2024 09:02:02.000 -0700","KeysTable","keys-table.mjs:38","232.26","2024/10/10 16:02:02.593","loadKeyFromDb_","getKey","Oct 10 16:02:02","Oct 10 16:02:02 merced-i-096cb66a7e53fba3b-us-east-1 run[6084]: <info>2024/10/10 16:02:02.593[keys-table.mjs:38] [KeysTable] loadKeyFromDb_:getKey dynamo_latency: 232.26ms"
"1728546547000","10/10/2024 00:49:07.000 -0700","KeysTable","keys-table.mjs:38","229.39","2024/10/10 07:49:07.544","loadKeyFromDb_","getKey","Oct 10 07:49:07","Oct 10 07:49:07 merced-i-096cb66a7e53fba3b-us-east-1 run[6084]: <info>2024/10/10 07:49:07.544[keys-table.mjs:38] [KeysTable] loadKeyFromDb_:getKey dynamo_latency: 229.39ms"
"1728523579000","10/09/2024 18:26:19.000 -0700","NonRevocableClassesTable","non-revocable-classes-table.mjs:195","226.2","2024/10/10 01:26:19.220","getKeyIdForClass","","Oct 10 01:26:19","Oct 10 01:26:19 merced-i-05434bef5666504a1-us-east-1 run[6072]: <info>2024/10/10 01:26:19.220[non-revocable-classes-table.mjs:195] [NonRevocableClassesTable] getKeyIdForClass dynamo_latency: 226.20ms"
